motif,sequence,start,end,filename,znEd,ssf,aS
GTGCTAATGGTG,CTCAGGTCCCAG,104,116,hnrnpa2b1_NM_000064_C3,1.0087838784339662,1.3333333333333333,8.75450545100633
GTGCTAATGGTG,GAAAACCACTTT,21,33,hnrnpa2b1_NM_000042_APOH,1.3788754005336175,1.3333333333333333,12.455420672002841
GTGCTAATGGTG,ATGGCGGCTGGA,59,71,hnrnpa2b1_NM_000026_ADSL,1.425259585603387,1.5,12.752595856033869
GTGCTAATGGTG,GAGTCCTACTCA,42,54,hnrnpa2b1_NM_000041_APOE,1.64848261085059,1.3333333333333333,15.151492775172565
GCTGTTAGGTTGC,TGCTGAATAAGAA,1903,1916,hnrnpa2b1_NM_000064_C3,1.6956268443245657,1.6153846153846154,15.34088382786104
ATCCAGTGACT,GCACCATGGGA,88,99,hnrnpa2b1_NM_000064_C3,1.728649508890874,1.4545454545454546,15.831949634363285
GTGCTAATGGTG,CCCAGTTGCTTT,20,32,hnrnpa2b1_NM_000014_A2M,1.818874640961263,1.3333333333333333,16.855413076279298
TGACGGCTACT,CTCAGGTCCCA,104,115,hnrnpa2b1_NM_000064_C3,1.8289342233821828,1.2727272727272727,17.016614961094554
TGACGGCTACT,GTTGTTGCCCT,67,78,hnrnpa2b1_NM_000040_APOC3,1.8308762559235219,1.1818181818181819,17.126944377417036
GAAGTAATTTTGT,ACTTCAGCCGTGG,325,338,hnrnpa2b1_NM_000040_APOC3,1.8745740042095704,1.3076923076923077,17.438047734403398
GTGCTAATGGTG,TAAGACTTCCTG,292,304,hnrnpa2b1_NM_000029_AGT,1.972953817871096,1.5833333333333333,18.14620484537763
GAAGTAATTTTGT,CTATCGGATCTTC,530,543,hnrnpa2b1_NM_000064_C3,1.9553588151568366,1.3846153846153846,18.168972766952983
NNAGGNNTAGN,TGCTATTGCAG,106,117,hnrnpa2b1_NM_000042_APOH,1.9653976682213279,1.4545454545454546,18.199431227667827
GTGCTAATGGTG,GTTGTTGCCCTC,67,79,hnrnpa2b1_NM_000040_APOC3,1.9521163442742964,1.25,18.271163442742964
TGACGGCTACT,ATGGCGGCTGG,59,70,hnrnpa2b1_NM_000026_ADSL,1.9899226296284094,1.4545454545454546,18.44468084173864
ATAGACGGAATT,TGACAGGTTCAT,1260,1272,hnrnpa2b1_NM_000029_AGT,2.0073208644785137,1.4166666666666667,18.65654197811847
AGAACCAATTT,TTCATCCCTAG,7,18,hnrnpa2b1_NM_000040_APOC3,1.9976266341479119,1.1818181818181819,18.794448159660934
GCTGTTAGGTTGC,GTGTACATACACC,613,626,hnrnpa2b1_NM_000029_AGT,2.0165250148187854,1.3076923076923077,18.85755784049555
TGACGGCTACT,GATGGCCTCTC,477,488,hnrnpa2b1_NM_000019_ACAT1,2.0317443337580463,1.4545454545454546,18.86289788303501
TGACGGCTACT,ACTTCCTGGAA,296,307,hnrnpa2b1_NM_000029_AGT,2.0677877018790194,1.3636363636363635,19.31424065515383
TAGCATCTCAGCA,GTAAGTGCTTCCT,290,303,hnrnpa2b1_NM_000014_A2M,2.0918911403587623,1.5384615384615385,19.38044986512608
CCAGTGACTAAA,TTCACCAAGACA,1161,1173,hnrnpa2b1_NM_000064_C3,2.1286221465703323,1.6666666666666667,19.619554799036656
NNAGGNNTAGN,AAGCCCAGTTG,17,28,hnrnpa2b1_NM_000014_A2M,2.1086762621201744,1.4545454545454546,19.63221716665629
ATCCAGTGACT,GATACTCAGCC,55,66,hnrnpa2b1_NM_000019_ACAT1,2.1026835876661996,1.1818181818181819,19.84501769484381
TGACGGCTACT,CCAGTTGCTTT,21,32,hnrnpa2b1_NM_000014_A2M,2.138692233314465,1.3636363636363635,20.023285969508287
GTGCTAATGGTG,GATGGCCTCTCA,477,489,hnrnpa2b1_NM_000019_ACAT1,2.157509727548893,1.5,20.07509727548893
ATCCAGTGACT,GTTTTATCTGA,397,408,hnrnpa2b1_NM_000042_APOH,2.135539659267245,1.1818181818181819,20.173578410854265
ATCCAGTGACT,GCTGGCCAACT,831,842,hnrnpa2b1_NM_000029_AGT,2.1697604863248614,1.4545454545454546,20.24305940870316
ATAGACGGAATT,TTTAAGGAGACA,1373,1385,hnrnpa2b1_NM_000019_ACAT1,2.183685584112016,1.5833333333333333,20.25352250778683
ATAGACGGAATT,AGAATGACGTAC,351,363,hnrnpa2b1_NM_000014_A2M,2.19130305386067,1.5833333333333333,20.32969720527337
GCTGTTAGGTTGC,AAGTCTGGTTCTT,139,152,hnrnpa2b1_NM_000014_A2M,2.1844113635178237,1.4615384615384615,20.38257517363978
AGAACCAATTT,GCAGAGCGGGT,467,478,hnrnpa2b1_NM_000064_C3,2.2257894355836787,1.6363636363636365,20.62153071947315
TGACGGCTACT,GAAAACCACTT,21,32,hnrnpa2b1_NM_000042_APOH,2.1897269717865693,1.2727272727272727,20.62454244513842
ATAGACGGAATT,AAATCGGAACTG,392,404,hnrnpa2b1_NM_000041_APOE,2.2072141206613884,1.3333333333333333,20.738807873280553
TAGCATCTCAGCA,ATTGGGATGTCTG,1234,1247,hnrnpa2b1_NM_000019_ACAT1,2.237004555493273,1.4615384615384615,20.90850709339427
AGAACCAATTT,CCATGTTGCTA,100,111,hnrnpa2b1_NM_000042_APOH,2.2554462264514257,1.4545454545454546,21.099916809968803
ATCCAGTGACT,AAGACCGCCAA,166,177,hnrnpa2b1_NM_000040_APOC3,2.2683026431690174,1.2727272727272727,21.4102991589629
GAAGTAATTTTGT,TCCTCACTGTCCA,417,430,hnrnpa2b1_NM_000014_A2M,2.295040342084514,1.3076923076923077,21.64271111315283
GAAGTAATTTTGT,CCTACTCAGCCCC,46,59,hnrnpa2b1_NM_000041_APOE,2.328563181392377,1.5384615384615385,21.74717027546223
TAGCATCTCAGCA,TTCAGCAGTGAAA,264,277,hnrnpa2b1_NM_000029_AGT,2.346808527855434,1.6923076923076923,21.775777586246644
GCTGTTAGGTTGC,ATCCCTAGAGGCA,10,23,hnrnpa2b1_NM_000040_APOC3,2.334927706775739,1.4615384615384615,21.887738606218928
NNAGGNNTAGN,CAGATGCAGCG,968,979,hnrnpa2b1_NM_000019_ACAT1,2.3333821681641136,1.2727272727272727,22.061094408913863
GAAGTAATTTTGT,TATGTGACCAGAA,1389,1402,hnrnpa2b1_NM_000019_ACAT1,2.3831756364224246,1.6923076923076923,22.139448671916554
GAAGTAATTTTGT,TCTATGAGCCAGG,177,190,hnrnpa2b1_NM_000042_APOH,2.3771339665420204,1.5384615384615385,22.232878126958664
NNAGGNNTAGN,TGGTCTGGCCA,358,369,hnrnpa2b1_NM_000029_AGT,2.4117224036419582,1.7272727272727273,22.389951309146856
AGAACCAATTT,TGACGGCAGAT,962,973,hnrnpa2b1_NM_000019_ACAT1,2.394566708928307,1.5454545454545454,22.400212543828523
GCTGTTAGGTTGC,TACGCTATACGAC,342,355,hnrnpa2b1_NM_000042_APOH,2.3742579551045555,1.3076923076923077,22.43488724335325
ATCCAGTGACT,CGGAGGTGAAG,61,72,hnrnpa2b1_NM_000041_APOE,2.3986124399545106,1.5454545454545454,22.440669854090558
GCTGTTAGGTTGC,GGCCAATCACAGG,96,109,hnrnpa2b1_NM_000041_APOE,2.3768106111835303,1.3076923076923077,22.460413804142995
CCAGTGACTAAA,GGTACTACAGCA,489,501,hnrnpa2b1_NM_000029_AGT,2.4006394796402333,1.5,22.506394796402333
NNAGGNNTAGN,CCTAGAGGCAG,13,24,hnrnpa2b1_NM_000040_APOC3,2.3837471154275423,1.2727272727272727,22.56474388154815
NNAGGNNTAGN,CAGGATGCCAG,156,167,hnrnpa2b1_NM_000041_APOE,2.410186580628346,1.4545454545454546,22.647320351738003
AGAACCAATTT,AGACATCCCCT,731,742,hnrnpa2b1_NM_000029_AGT,2.405431977559455,1.3636363636363635,22.690683411958187
NNAGGNNTAGN,TCTATCATCAC,171,182,hnrnpa2b1_NM_000064_C3,2.3980070078422115,1.2727272727272727,22.707342805694843
CCAGTGACTAAA,ATCATGATGGCC,472,484,hnrnpa2b1_NM_000019_ACAT1,2.446275176243096,1.5833333333333333,22.87941842909763
TAGCATCTCAGCA,GTTCCAGTCACTG,249,262,hnrnpa2b1_NM_000064_C3,2.4271725337982675,1.3846153846153846,22.88710995336729
AGAACCAATTT,AGATGAATGTA,846,857,hnrnpa2b1_NM_000014_A2M,2.452380300619685,1.6363636363636365,22.887439369833213
TGACGGCTACT,TACTCAGCCCC,48,59,hnrnpa2b1_NM_000041_APOE,2.4293821934219637,1.3636363636363635,22.930185570583273
CCAGTGACTAAA,GTTGATTCCACT,592,604,hnrnpa2b1_NM_000014_A2M,2.445193375963523,1.4166666666666667,23.035267092968564
GAAGTAATTTTGT,GGTCTGGCCAAGT,359,372,hnrnpa2b1_NM_000029_AGT,2.4748629120801113,1.5384615384615385,23.210167582339572
TAGCATCTCAGCA,CAGGTGGCCCAGC,205,218,hnrnpa2b1_NM_000040_APOC3,2.4696141165422203,1.4615384615384615,23.234602703883745
TAGCATCTCAGCA,GAAAACCACTTTG,21,34,hnrnpa2b1_NM_000042_APOH,2.475270886981138,1.3846153846153846,23.368093485195995
ATAGACGGAATT,CCATGGTGCTGG,214,226,hnrnpa2b1_NM_000064_C3,2.47826447268116,1.3333333333333333,23.449311393478265
CCAGTGACTAAA,GGGATTACCTGC,270,282,hnrnpa2b1_NM_000041_APOE,2.4959632095272375,1.5,23.459632095272376
ATAGACGGAATT,ATATCCCAACAC,361,373,hnrnpa2b1_NM_000042_APOH,2.4881346281252528,1.3333333333333333,23.548012947919194
ATCCAGTGACT,CCCAAATGCAT,2567,2578,hnrnpa2b1_NM_000014_A2M,2.496915801044259,1.1818181818181819,23.787339828624408
